;Data Medicao;PRECIPITACAO TOTAL, DIARIO (AUT)(mm);PRESSAO ATMOSFERICA MEDIA DIARIA (AUT)(mB);TEMPERATURA DO PONTO DE ORVALHO MEDIA DIARIA (AUT)(°C);TEMPERATURA MAXIMA, DIARIA (AUT)(°C);TEMPERATURA MEDIA, DIARIA (AUT)(°C);TEMPERATURA MINIMA, DIARIA (AUT)(°C);UMIDADE RELATIVA DO AR, MEDIA DIARIA (AUT)(%);UMIDADE RELATIVA DO AR, MINIMA DIARIA (AUT)(%);VENTO, RAJADA MAXIMA DIARIA (AUT)(m/s);VENTO, VELOCIDADE MEDIA DIARIA (AUT)(m/s);QTD. DE HORAS DE FRIO (< 7.2°C), DIARIA (MAIO - AGOSTO);QTD. DE HORAS TEMP. IDEAL (18°C - 23 C°), DIARIA (SETEMBRO - ABRIL);QTD. DE HORAS TEMP. PREJUDICIAL (> 27 C°), DIARIA (SETEMBRO - ABRIL);PRECIPITACAO TOTAL, DIARIO (AUT)(mm) (SETEMBRO - ABRIL);SAFRA
0;2021-05-01;4.2;906.5;11.4;22.5;15.6;10.8;79.6;49.0;9.7;2.9;0;0;0;0.0;2022
1;2021-05-02;4.2;906.5;11.4;22.5;15.6;10.8;79.6;49.0;9.7;2.9;0;0;0;0.0;2022
2;2021-05-03;4.2;906.5;11.4;22.5;15.6;10.8;79.6;49.0;9.7;2.9;0;0;0;0.0;2022
3;2021-05-04;4.2;906.5;11.4;22.5;15.6;10.8;79.6;49.0;9.7;2.9;0;0;0;0.0;2022
4;2021-05-05;4.2;906.5;11.4;22.5;15.6;10.8;79.6;49.0;9.7;2.9;0;0;0;0.0;2022
5;2021-05-06;4.2;906.5;11.4;22.5;15.6;10.8;79.6;49.0;9.7;2.9;0;0;0;0.0;2022
6;2021-05-07;4.2;906.5;11.4;22.5;15.6;10.8;79.6;49.0;9.7;2.9;0;0;0;0.0;2022
7;2021-05-08;4.2;906.5;11.4;22.5;15.6;10.8;79.6;49.0;9.7;2.9;0;0;0;0.0;2022
8;2021-05-09;4.2;906.5;11.4;22.5;15.6;10.8;79.6;49.0;9.7;2.9;0;0;0;0.0;2022
9;2021-05-10;4.2;906.5;11.4;22.5;15.6;10.8;79.6;49.0;9.7;2.9;0;0;0;0.0;2022
10;2021-05-11;4.2;906.5;11.4;22.5;15.6;10.8;79.6;91.0;4.8;2.9;0;0;0;0.0;2022
11;2021-05-12;4.2;908.2;7.3;16.3;10.3;7.1;84.2;50.0;5.0;1.2;0;0;0;0.0;2022
12;2021-05-13;0.2;910.9;4.7;18.2;8.6;2.2;81.4;31.0;6.3;2.1;13;0;0;0.0;2022
13;2021-05-14;0.0;910.7;6.2;18.8;10.1;2.7;80.0;40.0;8.0;2.6;9;0;0;0.0;2022
14;2021-05-15;0.0;909.6;8.2;18.2;10.9;5.1;85.5;54.0;6.5;2.3;4;0;0;0.0;2022
15;2021-05-16;0.2;909.0;9.8;18.6;12.6;7.0;84.3;58.0;7.1;2.1;0;0;0;0.0;2022
16;2021-05-17;0.2;907.9;8.2;17.6;11.2;7.2;83.7;47.0;9.1;1.9;0;0;0;0.0;2022
17;2021-05-18;0.0;908.1;5.9;17.2;10.0;4.2;79.3;36.0;6.7;1.3;5;0;0;0.0;2022
18;2021-05-19;0.0;906.6;3.0;19.2;10.0;1.3;66.7;28.0;7.3;2.1;8;0;0;0.0;2022
19;2021-05-20;0.0;905.3;6.5;19.6;11.3;5.5;73.5;47.0;5.1;1.5;3;0;0;0.0;2022
20;2021-05-21;6.2;902.3;12.0;22.1;14.2;9.8;88.1;55.0;8.6;2.6;0;0;0;0.0;2022
21;2021-05-22;50.2;899.9;12.6;19.5;14.1;11.3;91.6;64.0;11.6;4.8;0;0;0;0.0;2022
22;2021-05-23;0.0;902.4;5.3;13.0;8.4;5.2;81.9;58.0;16.5;7.0;9;0;0;0.0;2022
23;2021-05-24;0.0;905.8;3.1;10.9;6.6;4.4;79.0;60.0;14.4;4.1;16;0;0;0.0;2022
24;2021-05-25;0.0;909.0;0.9;17.6;7.3;-1.5;71.2;28.0;7.0;2.8;13;0;0;0.0;2022
25;2021-05-26;0.0;908.7;1.2;19.3;9.9;1.5;60.0;22.0;6.3;2.1;9;0;0;0.0;2022
26;2021-05-27;0.0;906.3;3.7;20.9;11.5;3.2;61.6;34.0;6.8;2.1;8;0;0;0.0;2022
27;2021-05-28;0.0;899.8;11.1;17.3;12.9;8.7;89.2;67.0;13.5;3.6;0;0;0;0.0;2022
28;2021-05-29;61.4;901.1;11.7;15.3;12.5;11.5;95.5;67.0;12.1;2.4;0;0;0;0.0;2022
29;2021-05-30;0.2;908.2;4.3;13.9;7.9;3.4;80.1;43.0;4.2;1.3;10;0;0;0.0;2022
30;2021-05-31;0.0;909.3;3.7;16.7;7.9;-0.4;78.7;34.0;6.2;1.8;14;0;0;0.0;2022
31;2021-06-01;0.0;906.5;4.5;18.3;9.8;2.9;72.3;37.0;5.9;2.2;9;0;0;0.0;2022
32;2021-06-02;0.0;905.1;10.7;19.3;12.1;6.8;91.8;62.0;9.6;3.2;0;0;0;0.0;2022
33;2021-06-03;1.0;908.7;10.0;19.9;14.3;10.2;79.4;31.0;7.6;1.8;0;0;0;0.0;2022
34;2021-06-04;0.0;910.1;11.5;21.9;13.8;7.2;87.3;64.0;7.3;3.6;0;0;0;0.0;2022
35;2021-06-05;0.0;907.8;13.8;25.3;17.6;12.3;81.3;44.0;12.1;4.3;0;0;0;0.0;2022
36;2021-06-06;1.6;908.3;11.9;17.5;12.4;10.7;96.8;78.0;11.5;1.8;0;0;0;0.0;2022
37;2021-06-07;5.8;908.8;11.2;14.2;12.0;10.2;94.7;87.0;8.5;2.7;0;0;0;0.0;2022
38;2021-06-08;1.8;909.3;10.5;12.4;10.9;9.5;97.2;89.0;14.1;3.1;0;0;0;0.0;2022
39;2021-06-09;37.4;908.7;10.9;20.1;13.2;9.5;87.1;59.0;8.0;2.8;0;0;0;0.0;2022
40;2021-06-10;6.0;906.9;12.6;16.3;13.2;10.7;96.7;85.0;12.0;3.5;0;0;0;0.0;2022
41;2021-06-11;6.6;908.2;8.6;14.8;11.1;8.8;85.5;56.0;10.3;2.3;0;0;0;0.0;2022
42;2021-06-12;0.0;909.3;2.8;14.4;7.7;1.1;75.2;33.0;5.3;1.6;13;0;0;0.0;2022
43;2021-06-13;0.0;911.1;4.6;19.8;10.2;2.1;71.8;33.0;5.4;2.3;10;0;0;0.0;2022
44;2021-06-14;0.0;910.6;5.9;20.6;11.4;4.9;73.6;28.0;7.0;2.9;8;0;0;0.0;2022
45;2021-06-15;0.0;909.7;7.7;16.3;10.6;5.0;83.4;66.0;7.6;1.4;4;0;0;0.0;2022
46;2021-06-16;0.0;910.0;4.9;9.2;6.5;5.0;90.1;68.0;5.4;1.2;15;0;0;0.0;2022
47;2021-06-17;0.0;910.8;4.0;11.2;5.5;2.2;90.2;65.0;4.3;1.1;18;0;0;0.0;2022
48;2021-06-18;0.0;911.5;6.5;15.2;8.4;4.3;89.2;55.0;5.7;1.7;13;0;0;0.0;2022
49;2021-06-19;6.2;909.9;9.4;11.2;9.7;7.0;98.0;89.0;8.4;2.9;0;0;0;0.0;2022
50;2021-06-20;24.6;908.5;10.0;14.3;10.5;9.0;96.4;77.0;4.1;0.9;0;0;0;0.0;2022
51;2021-06-21;0.0;909.7;8.9;15.8;10.6;6.0;90.2;59.0;7.8;2.5;2;0;0;0.0;2022
52;2021-06-22;1.4;910.6;8.9;17.3;11.6;7.9;85.4;55.0;5.9;1.8;0;0;0;0.0;2022
53;2021-06-23;0.0;911.0;8.1;14.8;10.3;6.1;86.5;69.0;13.9;5.6;2;0;0;0.0;2022
54;2021-06-24;0.0;903.6;10.8;14.8;12.3;10.3;90.8;77.0;16.8;6.8;0;0;0;0.0;2022
55;2021-06-25;20.8;906.6;7.8;17.2;11.0;5.6;82.8;44.0;10.5;2.1;3;0;0;0.0;2022
56;2021-06-26;0.0;904.4;12.8;18.7;14.1;7.1;91.9;74.0;13.3;5.6;0;0;0;0.0;2022
57;2021-06-27;34.4;904.3;10.6;17.1;11.1;10.8;97.0;85.0;11.2;3.3;3;0;0;0.0;2022
58;2021-06-28;14.0;910.3;1.2;5.7;3.3;2.3;86.3;64.0;8.9;3.0;24;0;0;0.0;2022
59;2021-06-29;0.0;911.1;-1.5;4.3;0.7;-1.6;85.3;65.0;12.6;5.1;24;0;0;0.0;2022
60;2021-06-30;0.4;913.6;1.7;6.5;2.5;-0.2;95.2;80.0;9.3;1.8;24;0;0;0.0;2022
61;2021-07-01;0.2;914.3;3.6;13.1;5.5;-0.6;88.8;64.0;11.1;4.1;15;0;0;0.0;2022
62;2021-07-02;0.0;912.4;4.6;16.5;9.8;3.9;72.9;33.0;12.3;4.6;7;0;0;0.0;2022
63;2021-07-03;0.0;912.5;3.7;15.0;8.2;2.9;74.9;44.0;4.4;1.3;12;0;0;0.0;2022
64;2021-07-04;0.0;912.7;5.5;15.9;8.0;1.8;86.4;46.0;7.9;3.2;12;0;0;0.0;2022
65;2021-07-05;0.0;913.2;7.4;17.6;10.3;4.5;84.7;49.0;9.7;3.2;7;0;0;0.0;2022
66;2021-07-06;0.0;913.0;7.4;16.3;9.4;4.4;88.6;52.0;8.5;3.4;8;0;0;0.0;2022
67;2021-07-07;0.2;911.5;8.1;16.5;10.8;6.8;85.0;57.0;9.8;3.6;2;0;0;0.0;2022
68;2021-07-08;0.0;910.5;8.1;17.7;10.7;7.2;86.1;48.0;4.9;1.9;0;0;0;0.0;2022
69;2021-07-09;0.0;910.3;6.7;17.3;9.8;3.4;82.5;55.0;10.4;3.6;8;0;0;0.0;2022
70;2021-07-10;0.0;909.3;7.5;19.5;12.4;4.6;76.0;32.0;10.8;3.9;0;0;0;0.0;2022
71;2021-07-11;0.0;910.2;6.3;22.0;12.7;4.9;68.5;36.0;6.6;2.4;7;0;0;0.0;2022
72;2021-07-12;0.0;910.1;6.1;20.4;12.9;7.1;65.1;40.0;11.5;3.7;0;0;0;0.0;2022
73;2021-07-13;0.0;909.7;9.5;21.8;14.2;9.5;76.5;44.0;8.4;3.7;0;0;0;0.0;2022
74;2021-07-14;0.0;907.7;10.3;20.7;15.2;11.2;74.9;42.0;8.6;2.9;0;0;0;0.0;2022
75;2021-07-15;11.0;904.4;11.7;15.4;13.3;11.8;90.8;70.0;10.0;3.3;0;0;0;0.0;2022
76;2021-07-16;8.4;906.5;7.8;15.7;10.3;6.6;86.2;50.0;7.3;1.5;2;0;0;0.0;2022
77;2021-07-17;0.0;906.2;7.9;14.9;10.6;7.7;84.6;56.0;10.7;4.2;0;0;0;0.0;2022
78;2021-07-18;0.0;908.3;-0.9;8.9;4.4;0.2;70.1;39.0;17.0;5.1;23;0;0;0.0;2022
79;2021-07-19;0.0;910.4;-0.3;10.8;4.3;1.1;73.0;53.0;13.7;3.9;19;0;0;0.0;2022
80;2021-07-20;0.0;912.5;0.1;14.6;5.1;-3.7;74.5;34.0;7.1;1.7;14;0;0;0.0;2022
81;2021-07-21;0.0;913.0;-1.1;19.9;9.0;-0.4;58.0;10.0;4.9;2.0;13;0;0;0.0;2022
82;2021-07-22;0.0;915.2;-0.8;23.6;12.3;2.9;44.2;17.0;6.9;3.1;8;0;0;0.0;2022
83;2021-07-23;0.0;913.3;-4.1;24.2;14.0;5.8;30.3;13.0;8.3;3.4;4;0;0;0.0;2022
84;2021-07-24;0.0;910.7;2.8;24.0;14.1;6.2;48.8;23.0;7.7;3.4;4;0;0;0.0;2022
85;2021-07-25;0.0;907.0;8.1;24.0;15.1;7.9;66.1;37.0;11.1;4.2;0;0;0;0.0;2022
86;2021-07-26;0.0;904.6;11.0;25.1;17.8;12.4;67.0;40.0;14.6;4.1;0;0;0;0.0;2022
87;2021-07-27;34.6;904.1;7.4;19.1;9.5;8.5;87.2;62.0;12.8;3.5;4;0;0;0.0;2022
88;2021-07-28;0.0;907.4;-4.0;4.8;0.6;-2.6;72.5;52.0;17.4;4.2;24;0;0;0.0;2022
89;2021-07-29;0.0;911.6;-3.0;5.7;0.1;-4.0;81.5;49.0;16.6;3.0;24;0;0;0.0;2022
90;2021-07-30;1.2;914.5;-2.6;12.5;3.8;-4.0;67.7;31.0;5.9;1.2;16;0;0;0.0;2022
91;2021-07-31;0.0;915.8;1.0;14.9;6.2;-1.1;71.9;42.0;12.4;3.8;13;0;0;0.0;2022
92;2021-08-01;0.0;916.5;4.8;17.7;9.5;4.0;76.4;32.0;9.5;3.3;13;0;0;0.0;2022
93;2021-08-02;0.0;914.6;6.2;16.0;9.6;5.6;81.7;44.0;7.0;2.3;5;0;0;0.0;2022
94;2021-08-03;0.0;914.9;2.0;18.0;8.4;2.1;70.5;25.0;5.4;1.5;13;0;0;0.0;2022
95;2021-08-04;0.0;916.6;6.6;19.7;10.1;2.9;81.9;46.0;6.6;2.3;13;0;0;0.0;2022
96;2021-08-05;0.2;916.8;7.8;18.9;11.6;5.9;79.3;46.0;11.3;3.8;3;0;0;0.0;2022
97;2021-08-06;0.0;915.7;8.9;17.1;11.4;7.4;85.2;65.0;11.6;5.0;0;0;0;0.0;2022
98;2021-08-07;0.0;912.6;11.1;20.8;13.9;10.2;84.0;59.0;10.7;4.6;0;0;0;0.0;2022
99;2021-08-08;0.0;910.7;11.4;23.3;16.3;11.0;75.8;41.0;8.6;3.6;0;0;0;0.0;2022
100;2021-08-09;0.0;908.6;10.8;25.2;16.2;9.3;74.5;36.0;10.0;3.7;0;0;0;0.0;2022
101;2021-08-10;10.4;907.6;12.3;17.8;13.6;12.8;92.5;64.0;7.0;1.9;0;0;0;0.0;2022
102;2021-08-11;13.6;911.1;5.8;13.1;8.3;6.3;86.3;50.0;20.8;1.4;6;0;0;0.0;2022
103;2021-08-12;0.0;912.4;3.9;13.0;5.9;0.6;87.9;64.0;7.4;1.4;13;0;0;0.0;2022
104;2021-08-13;0.2;912.8;7.3;13.9;10.0;4.8;83.8;69.0;9.6;2.6;2;0;0;0.0;2022
105;2021-08-14;0.0;910.7;9.8;14.6;11.4;8.5;89.7;79.0;8.4;3.2;0;0;0;0.0;2022
106;2021-08-15;0.0;907.9;11.3;20.4;13.2;9.6;89.5;55.0;7.2;2.7;0;0;0;0.0;2022
107;2021-08-16;0.0;906.0;12.7;21.9;14.6;10.0;89.3;59.0;7.5;3.3;0;0;0;0.0;2022
108;2021-08-17;0.0;907.0;13.3;26.5;17.6;11.3;80.0;41.0;8.8;3.8;0;0;0;0.0;2022
109;2021-08-18;0.0;908.1;14.4;24.1;17.5;13.9;82.9;59.0;8.6;2.9;0;0;0;0.0;2022
110;2021-08-19;0.0;905.9;12.4;28.6;19.4;12.5;69.2;30.0;13.8;4.8;0;0;0;0.0;2022
111;2021-08-20;0.0;905.1;11.7;26.5;18.4;15.1;66.4;34.0;11.6;3.0;0;0;0;0.0;2022
112;2021-08-21;1.4;907.9;10.4;24.3;16.3;11.0;69.8;42.0;11.0;3.7;0;0;0;0.0;2022
113;2021-08-22;0.0;903.8;9.4;27.0;18.2;11.6;61.0;27.0;14.4;4.4;0;0;0;0.0;2022
114;2021-08-23;0.0;901.3;10.1;27.8;18.7;13.4;60.6;28.0;13.8;3.8;0;0;0;0.0;2022
115;2021-08-24;0.0;900.4;13.9;22.2;18.0;14.7;77.7;55.0;9.1;3.4;0;0;0;0.0;2022
116;2021-08-25;4.8;899.0;15.2;19.4;16.5;15.0;91.7;74.0;11.4;3.0;0;0;0;0.0;2022
117;2021-08-26;32.0;902.6;11.0;18.9;11.6;9.3;95.9;75.0;12.5;2.8;0;0;0;0.0;2022
118;2021-08-27;0.6;909.7;6.7;17.4;10.3;5.9;82.3;33.0;5.8;1.3;7;0;0;0.0;2022
119;2021-08-28;0.2;912.4;8.9;18.7;11.4;6.0;86.0;62.0;11.8;4.0;5;0;0;0.0;2022
120;2021-08-29;0.0;914.0;10.5;20.2;13.4;9.2;84.0;58.0;9.0;3.7;0;0;0;0.0;2022
121;2021-08-30;0.0;913.1;10.5;20.2;13.6;9.2;83.0;56.0;11.0;4.7;0;0;0;0.0;2022
122;2021-08-31;0.0;912.4;10.2;20.4;14.5;10.7;77.3;50.0;13.0;5.5;0;0;0;0.0;2022
123;2021-09-01;0.0;910.6;10.5;23.2;15.4;9.8;75.2;42.0;13.0;4.8;0;8;0;0.0;2022
124;2021-09-02;0.0;907.9;11.1;23.9;16.6;11.2;73.8;38.0;9.8;3.4;0;7;0;0.0;2022
125;2021-09-03;0.0;905.8;12.4;23.5;17.0;11.4;76.2;50.0;7.4;2.1;0;10;0;0.0;2022
126;2021-09-04;0.0;905.3;11.9;24.8;14.9;7.7;85.6;32.0;12.3;1.8;0;5;0;0.0;2022
127;2021-09-05;2.2;904.9;14.0;21.8;16.3;11.7;87.5;61.0;10.4;3.1;0;8;0;2.2;2022
128;2021-09-06;0.2;906.8;11.7;21.7;14.1;8.2;87.2;55.0;5.9;2.3;0;6;0;0.2;2022
129;2021-09-07;17.4;905.5;12.5;15.2;13.0;11.8;97.1;87.0;12.9;4.6;0;0;0;17.4;2022
130;2021-09-08;37.2;901.0;14.5;17.3;15.2;11.9;95.3;90.0;14.9;5.8;0;0;0;37.2;2022
131;2021-09-09;12.4;903.4;9.5;17.9;13.8;8.9;77.9;47.0;14.1;5.1;0;0;0;12.4;2022
132;2021-09-10;0.0;906.3;7.2;16.4;10.7;7.6;79.9;58.0;10.6;4.3;0;0;0;0.0;2022
133;2021-09-11;0.0;908.1;7.8;21.4;12.7;7.1;76.7;36.0;7.2;1.3;0;5;0;0.0;2022
134;2021-09-12;0.0;907.3;12.5;26.4;17.0;7.2;76.8;49.0;8.9;3.8;0;5;0;0.0;2022
135;2021-09-13;0.0;901.8;15.7;23.9;18.3;15.0;85.4;63.0;12.6;4.0;0;8;0;0.0;2022
136;2021-09-14;53.8;901.9;14.8;20.5;16.2;14.4;92.0;81.0;13.4;3.5;0;1;0;53.8;2022
137;2021-09-15;0.8;909.4;10.8;15.7;12.2;9.7;91.1;66.0;6.7;1.4;0;0;0;0.8;2022
138;2021-09-16;0.2;913.4;11.2;18.7;13.2;8.9;88.8;66.0;6.8;2.0;0;1;0;0.2;2022
139;2021-09-17;1.4;910.8;11.3;13.5;11.6;10.2;97.5;92.0;11.1;3.7;0;0;0;1.4;2022
140;2021-09-18;48.2;905.9;14.7;22.9;16.3;11.3;91.1;73.0;9.7;3.2;0;10;0;48.2;2022
141;2021-09-19;0.0;905.3;17.2;24.5;18.4;15.0;93.7;72.0;9.2;3.0;0;8;0;0.0;2022
142;2021-09-20;4.8;904.0;17.3;28.7;20.6;15.9;83.5;52.0;10.6;4.6;0;4;2;4.8;2022
143;2021-09-21;2.4;907.5;12.8;23.1;14.3;13.2;91.1;71.0;10.6;2.0;0;3;0;2.4;2022
144;2021-09-22;0.0;910.0;6.4;20.3;11.0;3.6;75.7;40.0;11.3;2.7;0;4;0;0.0;2022
145;2021-09-23;0.0;909.2;8.2;17.8;11.7;7.2;79.6;59.0;13.6;4.8;0;0;0;0.0;2022
146;2021-09-24;5.2;908.6;11.1;18.2;12.4;10.2;92.4;66.0;6.4;2.6;0;0;0;5.2;2022
147;2021-09-25;0.2;907.8;10.6;22.1;14.6;9.2;80.2;42.0;7.1;2.2;0;8;0;0.2;2022
148;2021-09-26;0.0;907.3;11.2;25.1;17.1;11.1;73.1;30.0;9.8;3.4;0;6;0;0.0;2022
149;2021-09-27;4.2;906.5;11.4;22.5;15.6;10.8;79.6;41.0;9.7;2.9;0;2;1;4.2;2022
150;2021-09-28;4.2;906.6;15.2;26.6;18.3;14.1;83.7;53.0;9.9;2.9;0;6;0;4.2;2022
151;2021-09-29;12.2;906.6;13.9;21.3;16.0;13.7;88.2;64.0;6.8;1.4;0;8;0;12.2;2022
152;2021-09-30;0.0;904.8;11.5;17.9;13.2;9.6;89.7;72.0;14.3;4.8;0;0;0;0.0;2022
153;2021-10-01;61.4;901.3;15.1;21.4;16.0;12.9;94.7;70.0;12.9;3.8;0;5;0;61.4;2022
154;2021-10-02;0.0;902.4;13.6;22.8;16.4;11.0;85.5;50.0;6.5;2.1;0;8;0;0.0;2022
155;2021-10-03;0.6;900.3;14.9;19.8;16.3;14.0;91.7;75.0;9.6;3.3;0;5;0;0.6;2022
156;2021-10-04;0.4;904.4;11.0;15.6;12.1;9.7;93.5;74.0;7.3;1.5;0;0;0;0.4;2022
157;2021-10-05;0.4;907.2;7.9;21.0;11.5;4.3;81.5;42.0;8.7;1.5;0;5;0;0.4;2022
158;2021-10-06;0.4;905.8;13.0;15.8;13.5;9.9;96.5;64.0;8.9;3.6;0;0;0;0.4;2022
159;2021-10-07;23.8;906.6;8.9;17.4;11.5;6.8;85.5;58.0;9.4;1.5;0;0;0;23.8;2022
160;2021-10-08;0.0;905.9;10.6;18.6;12.4;7.8;89.4;69.0;9.5;4.0;0;1;0;0.0;2022
161;2021-10-09;14.2;906.1;12.3;15.8;13.5;11.5;92.6;82.0;11.2;4.1;0;0;0;14.2;2022
162;2021-10-10;0.0;907.2;12.4;20.5;15.3;12.4;83.8;63.0;10.7;4.1;0;6;0;0.0;2022
163;2021-10-11;0.0;907.5;12.3;19.3;14.4;11.7;87.5;67.0;12.1;5.0;0;1;0;0.0;2022
164;2021-10-12;4.6;905.2;13.8;24.0;17.2;13.0;82.3;49.0;8.9;3.7;0;9;0;4.6;2022
165;2021-10-13;0.2;903.0;13.8;23.9;17.8;14.1;79.1;43.0;10.1;4.7;0;9;0;0.2;2022
166;2021-10-14;2.0;898.7;15.0;26.1;19.1;14.4;79.0;52.0;13.0;5.1;0;5;0;2.0;2022
167;2021-10-15;15.0;902.2;15.3;20.1;16.5;14.9;93.5;75.0;9.0;1.8;0;3;0;15.0;2022
168;2021-10-16;13.2;907.1;12.4;17.4;13.3;11.4;94.7;76.0;8.5;1.8;0;0;0;13.2;2022
169;2021-10-17;0.6;908.2;11.3;14.5;12.0;10.5;95.8;87.0;5.8;1.2;0;0;0;0.6;2022
170;2021-10-18;0.6;908.2;10.2;21.5;13.8;10.1;81.1;36.0;6.5;1.7;0;6;0;0.6;2022
171;2021-10-19;0.2;910.0;7.1;20.7;13.1;6.9;72.1;24.0;7.8;1.8;0;5;0;0.2;2022
172;2021-10-20;0.2;909.2;7.6;20.4;13.3;8.3;72.5;36.0;7.8;2.2;0;6;0;0.2;2022
173;2021-10-21;0.0;906.4;8.2;22.0;14.4;9.8;70.0;34.0;9.4;3.6;0;7;0;0.0;2022
174;2021-10-22;0.0;903.8;8.9;23.8;15.9;9.0;68.8;31.0;8.9;2.6;0;10;0;0.0;2022
175;2021-10-23;0.0;899.2;11.8;19.6;14.1;11.3;87.0;57.0;15.8;4.1;0;2;0;0.0;2022
176;2021-10-24;14.6;902.3;9.0;17.9;13.4;10.5;77.6;42.0;10.5;2.6;0;0;0;14.6;2022
177;2021-10-25;0.2;908.8;7.0;23.0;14.0;4.5;66.7;33.0;11.7;3.5;0;8;0;0.2;2022
178;2021-10-26;0.0;910.0;6.8;26.1;18.4;9.2;50.8;22.0;6.0;1.4;0;4;0;0.0;2022
179;2021-10-27;0.0;911.8;7.1;27.8;19.0;11.1;51.7;20.0;8.4;2.5;0;4;2;0.0;2022
180;2021-10-28;0.0;912.8;11.1;26.7;17.7;9.4;67.0;37.0;11.1;3.6;0;5;0;0.0;2022
181;2021-10-29;0.0;910.3;13.3;26.8;17.2;11.6;79.1;46.0;10.9;3.8;0;3;0;0.0;2022
182;2021-10-30;1.2;907.9;13.5;24.5;17.9;13.7;77.2;50.0;12.4;4.8;0;8;0;1.2;2022
183;2021-10-31;0.0;907.9;14.1;22.5;18.1;15.2;78.0;57.0;12.7;5.0;0;10;0;0.0;2022
184;2021-11-01;0.0;907.1;13.4;26.2;18.5;13.3;74.8;41.0;9.2;3.2;0;7;0;0.0;2022
185;2021-11-02;0.0;905.7;13.9;27.9;19.9;14.9;72.1;32.0;8.7;2.8;0;4;1;0.0;2022
186;2021-11-03;0.0;903.1;15.2;25.7;17.4;14.5;87.4;53.0;14.1;3.6;0;6;0;0.0;2022
187;2021-11-04;16.6;902.0;14.8;26.6;19.8;14.5;76.1;38.0;8.3;2.8;0;5;0;16.6;2022
188;2021-11-05;0.0;903.1;15.7;29.3;20.7;14.8;76.4;35.0;9.3;2.7;0;5;3;0.0;2022
189;2021-11-06;0.0;905.0;15.8;25.2;18.9;16.0;84.1;52.0;7.5;1.3;0;12;0;0.0;2022
190;2021-11-07;0.0;905.3;13.9;24.1;17.0;13.0;83.0;57.0;6.1;1.4;0;8;0;0.0;2022
191;2021-11-08;4.4;904.9;12.4;25.0;17.7;11.8;75.9;32.0;7.9;1.8;0;4;0;4.4;2022
192;2021-11-09;0.0;906.4;8.7;23.9;15.8;8.4;69.9;18.0;6.9;1.5;0;7;0;0.0;2022
193;2021-11-10;0.2;907.2;9.4;24.0;14.4;7.2;76.1;33.0;8.2;2.2;0;8;0;0.2;2022
194;2021-11-11;0.0;909.3;11.2;22.7;15.7;11.2;75.6;50.0;8.4;2.6;0;7;0;0.0;2022
195;2021-11-12;0.0;909.7;10.2;23.6;15.6;12.0;72.8;36.0;9.2;2.7;0;7;0;0.0;2022
196;2021-11-13;0.0;907.3;9.0;24.9;16.3;10.6;65.9;29.0;11.7;3.9;0;6;0;0.0;2022
197;2021-11-14;0.0;906.0;8.1;27.5;16.8;9.1;62.9;19.0;12.0;4.1;0;5;0;0.0;2022
198;2021-11-15;0.0;905.6;10.8;27.7;18.8;12.7;64.5;27.0;10.6;4.2;0;5;0;0.0;2022
199;2021-11-16;0.0;905.4;14.7;27.4;19.1;13.1;77.7;44.0;9.7;3.7;0;4;0;0.0;2022
200;2021-11-17;19.6;903.8;16.7;20.0;17.1;15.9;97.5;86.0;8.4;1.3;0;5;0;19.6;2022
201;2021-11-18;34.0;901.9;15.3;17.3;15.3;14.1;99.8;98.0;8.1;1.1;0;0;0;34.0;2022
202;2021-11-19;8.6;904.2;14.4;20.6;15.3;13.6;95.0;72.0;6.5;1.2;0;3;0;8.6;2022
203;2021-11-20;0.2;906.9;8.4;25.0;15.6;8.2;71.0;18.0;5.9;1.9;0;5;0;0.2;2022
204;2021-11-21;0.0;906.4;9.5;26.9;18.2;11.5;63.5;26.0;8.0;2.3;0;4;0;0.0;2022
205;2021-11-22;0.0;903.9;10.6;29.3;20.5;11.7;57.7;25.0;10.3;2.8;0;2;7;0.0;2022
206;2021-11-23;0.0;904.5;13.6;27.9;22.4;18.8;58.7;38.0;8.5;2.4;0;13;2;0.0;2022
207;2021-11-24;0.0;906.0;11.0;29.8;19.5;11.0;66.9;17.0;7.7;2.3;0;4;5;0.0;2022
208;2021-11-25;0.0;903.0;15.0;29.7;19.2;12.9;79.3;38.0;16.8;4.6;0;5;1;0.0;2022
209;2021-11-26;20.0;897.2;16.0;22.5;18.0;16.7;88.8;64.0;14.5;4.5;0;9;0;20.0;2022
210;2021-11-27;1.8;898.5;16.0;23.5;18.3;15.1;87.5;62.0;7.4;2.3;0;10;0;1.8;2022
211;2021-11-28;0.2;899.7;15.3;24.7;18.3;13.6;84.3;55.0;7.5;1.8;0;11;0;0.2;2022
212;2021-11-29;0.0;896.7;11.8;24.9;19.0;15.8;66.8;33.0;15.5;4.9;0;9;0;0.0;2022
213;2021-11-30;0.0;899.3;11.0;24.2;17.4;12.3;68.6;40.0;11.2;3.0;0;11;0;0.0;2022
214;2021-12-01;0.0;902.7;10.9;24.9;16.8;10.3;72.3;36.0;6.1;1.2;0;8;0;0.0;2022
215;2021-12-02;0.0;903.9;12.6;25.7;17.1;12.2;77.2;37.0;8.0;1.7;0;5;0;0.0;2022
216;2021-12-03;0.0;904.7;12.0;24.0;16.8;11.5;75.8;49.0;9.2;3.2;0;8;0;0.0;2022
217;2021-12-04;0.0;906.4;12.2;27.2;19.2;12.3;68.0;32.0;11.2;3.5;0;5;0;0.0;2022
218;2021-12-05;0.6;906.5;14.8;24.6;17.4;14.7;85.3;59.0;12.7;3.5;0;6;0;0.6;2022
219;2021-12-06;57.2;906.6;14.3;24.8;17.5;13.5;83.2;46.0;9.8;1.9;0;9;0;57.2;2022
220;2021-12-07;0.0;909.2;11.3;22.0;15.8;11.2;76.6;48.0;8.7;1.8;0;8;0;0.0;2022
221;2021-12-08;0.0;908.3;8.8;23.5;15.0;8.8;69.7;36.0;8.1;2.1;0;7;0;0.0;2022
222;2021-12-09;0.0;906.7;9.0;25.4;15.6;8.1;69.4;29.0;7.9;2.1;0;5;0;0.0;2022
223;2021-12-10;0.0;903.6;10.5;26.9;17.5;9.6;69.5;26.0;11.8;2.3;0;5;0;0.0;2022
224;2021-12-11;0.0;899.4;13.9;27.3;18.4;12.9;78.2;41.0;11.5;3.2;0;5;0;0.0;2022
225;2021-12-12;6.4;899.9;15.2;28.6;21.0;15.8;73.2;37.0;8.6;2.4;0;3;4;6.4;2022
226;2021-12-13;2.4;902.6;17.2;28.0;21.5;17.9;78.2;44.0;6.9;2.8;0;17;2;2.4;2022
227;2021-12-14;0.2;902.6;17.7;26.8;21.0;17.9;82.5;58.0;8.1;3.2;0;17;0;0.2;2022
228;2021-12-15;0.2;902.3;18.6;28.8;22.4;18.3;80.5;55.0;7.6;2.5;0;15;3;0.2;2022
229;2021-12-16;1.6;902.6;17.9;29.5;21.8;17.0;80.4;48.0;8.9;2.5;0;10;4;1.6;2022
230;2021-12-17;0.0;905.3;15.1;28.1;19.6;14.0;78.7;39.0;7.3;1.3;0;4;2;0.0;2022
231;2021-12-18;0.0;907.1;14.9;26.7;18.9;14.0;78.7;48.0;9.1;2.6;0;7;0;0.0;2022
232;2021-12-19;0.0;906.4;13.9;27.2;19.9;15.5;71.0;39.0;10.4;4.1;0;5;0;0.0;2022
233;2021-12-20;0.0;904.2;12.5;31.3;20.8;12.8;63.8;27.0;9.4;3.8;0;3;6;0.0;2022
234;2021-12-21;0.0;901.3;15.8;31.0;22.0;15.2;71.2;34.0;8.3;2.1;0;8;4;0.0;2022
235;2021-12-22;4.0;901.5;15.5;25.2;19.3;14.8;80.3;57.0;8.8;2.5;0;13;0;4.0;2022
236;2021-12-23;0.0;904.6;10.8;24.7;16.7;9.4;72.5;35.0;7.3;1.4;0;5;0;0.0;2022
237;2021-12-24;0.0;903.7;9.0;26.8;17.2;9.1;65.5;24.0;7.3;2.1;0;4;0;0.0;2022
238;2021-12-25;0.0;902.5;10.5;29.1;19.2;11.3;64.3;25.0;10.0;3.5;0;3;5;0.0;2022
239;2021-12-26;0.0;902.1;13.3;29.0;19.9;13.2;70.5;31.0;7.3;2.1;0;5;1;0.0;2022
240;2021-12-27;0.2;902.3;10.4;29.4;20.8;13.1;60.5;19.0;7.6;1.9;0;2;5;0.2;2022
241;2021-12-28;0.0;904.0;11.1;30.8;21.0;13.2;60.9;18.0;8.6;2.5;0;5;5;0.0;2022
242;2021-12-29;0.0;906.1;13.7;30.1;20.5;13.3;70.6;24.0;9.6;2.7;0;4;5;0.0;2022
243;2021-12-30;0.0;903.9;14.4;27.5;20.8;14.5;69.2;40.0;10.7;4.6;0;8;0;0.0;2022
244;2021-12-31;0.0;901.0;12.2;30.0;20.6;13.4;64.3;24.0;9.5;3.1;0;7;4;0.0;2022
245;2022-01-01;0.0;899.9;12.8;32.5;22.7;14.9;62.3;20.0;7.1;2.2;0;4;9;0.0;2022
246;2022-01-02;0.0;901.6;15.3;33.7;23.0;16.6;68.6;23.0;13.3;3.5;0;12;7;0.0;2022
247;2022-01-03;1.0;902.9;16.1;29.4;21.0;17.4;77.0;36.0;11.7;2.6;0;14;4;1.0;2022
248;2022-01-04;2.0;899.8;17.0;26.3;20.8;17.6;80.0;51.0;6.9;2.7;0;17;0;2.0;2022
249;2022-01-05;0.0;899.0;17.7;25.9;19.7;17.2;89.5;57.0;9.8;1.7;0;14;0;0.0;2022
250;2022-01-06;4.6;903.7;14.6;22.4;17.0;14.4;86.8;58.0;7.4;1.4;0;8;0;4.6;2022
251;2022-01-07;0.0;905.0;11.1;26.6;17.2;10.0;70.0;36.0;8.2;2.1;0;3;0;0.0;2022
252;2022-01-08;0.0;906.1;10.6;26.1;17.1;9.9;69.2;35.0;10.0;2.8;0;4;0;0.0;2022
253;2022-01-09;0.0;906.7;10.5;24.9;15.6;11.0;65.5;34.0;9.4;3.0;0;7;0;0.0;2022
254;2022-01-10;4.2;904.8;12.9;29.5;20.1;13.2;67.8;32.0;7.1;1.9;0;5;2;4.2;2022
255;2022-01-11;0.0;903.1;12.1;30.8;20.8;13.3;64.9;22.0;6.9;2.0;0;4;5;0.0;2022
256;2022-01-12;0.0;904.7;9.7;32.4;22.2;14.6;58.8;11.0;10.3;2.0;0;6;8;0.0;2022
257;2022-01-13;0.0;907.4;10.0;33.0;22.7;13.8;57.2;12.0;8.2;2.7;0;2;9;0.0;2022
258;2022-01-14;0.0;909.7;17.3;29.1;21.4;16.9;79.9;46.0;11.7;3.6;0;14;2;0.0;2022
259;2022-01-15;0.8;908.6;18.8;29.2;20.7;17.6;89.7;53.0;10.9;3.0;0;19;1;0.8;2022
260;2022-01-16;2.0;904.3;18.2;32.8;23.7;16.5;75.0;38.0;13.1;4.1;0;7;9;2.0;2022
261;2022-01-17;0.0;903.8;18.0;32.4;22.9;18.1;76.7;40.0;15.1;3.9;0;14;6;0.0;2022
262;2022-01-18;21.2;907.2;18.1;30.3;21.9;17.5;80.6;48.0;9.5;2.2;0;14;3;21.2;2022
263;2022-01-19;0.2;908.6;17.9;31.4;23.1;18.3;75.4;42.0;9.1;2.7;0;15;7;0.2;2022
264;2022-01-20;0.0;907.7;17.9;33.5;23.8;17.8;74.1;33.0;11.3;2.8;0;11;8;0.0;2022
265;2022-01-21;54.8;906.0;17.7;31.7;24.0;16.4;72.2;33.0;11.3;2.9;0;13;8;54.8;2022
266;2022-01-22;0.0;905.1;17.5;33.6;25.2;17.9;67.2;31.0;9.4;3.2;0;12;10;0.0;2022
267;2022-01-23;0.0;905.2;19.1;32.5;23.3;19.5;78.7;39.0;13.0;2.8;0;12;3;0.0;2022
268;2022-01-24;10.8;905.0;19.1;34.3;23.6;19.5;78.9;29.0;7.8;1.7;0;15;6;10.8;2022
269;2022-01-25;1.4;903.9;18.5;31.7;24.0;19.2;75.7;32.0;8.9;2.2;0;12;6;1.4;2022
270;2022-01-26;0.0;901.9;19.0;31.6;23.2;19.2;78.8;42.0;11.9;3.5;0;13;4;0.0;2022
271;2022-01-27;35.2;902.5;17.9;21.7;18.3;17.9;97.9;88.0;7.7;1.5;0;19;0;35.2;2022
272;2022-01-28;9.4;904.0;13.6;18.0;14.8;13.2;93.1;80.0;7.7;1.6;0;0;0;9.4;2022
273;2022-01-29;5.0;903.3;13.0;22.1;15.5;10.5;85.3;66.0;7.1;1.7;0;8;0;5.0;2022
274;2022-01-30;0.0;903.0;14.6;24.0;17.5;13.5;84.2;64.0;8.3;2.9;0;11;0;0.0;2022
275;2022-01-31;0.0;901.7;15.8;27.1;19.7;15.7;80.0;40.0;12.3;3.4;0;5;0;0.0;2022
276;2022-02-01;3.8;904.2;13.3;29.5;20.8;14.8;68.1;23.0;5.9;1.8;0;5;4;3.8;2022
277;2022-02-02;0.0;905.9;15.9;28.5;21.3;15.4;74.9;40.0;10.1;3.0;0;5;4;0.0;2022
278;2022-02-03;0.0;904.9;15.9;29.5;22.2;16.2;70.5;36.0;10.9;3.8;0;12;5;0.0;2022
279;2022-02-04;0.4;902.0;18.6;23.7;20.1;18.3;91.7;70.0;9.6;3.6;0;24;0;0.4;2022
280;2022-02-05;4.2;900.3;19.5;26.4;20.9;19.1;92.5;64.0;9.8;2.8;0;19;0;4.2;2022
281;2022-02-06;20.6;903.3;15.5;25.7;19.7;16.1;80.0;41.0;11.5;2.4;0;12;0;20.6;2022
282;2022-02-07;0.0;905.6;10.0;22.7;16.4;11.2;69.4;38.0;9.5;2.1;0;9;0;0.0;2022
283;2022-02-08;0.0;905.6;10.4;24.3;16.4;8.8;70.6;40.0;7.1;1.4;0;8;0;0.0;2022
284;2022-02-09;0.0;905.0;12.0;25.8;17.7;11.6;73.5;35.0;9.7;1.9;0;5;0;0.0;2022
285;2022-02-10;0.0;904.3;15.1;25.7;18.4;13.4;82.1;51.0;11.9;3.8;0;8;0;0.0;2022
286;2022-02-11;12.0;905.1;15.6;28.5;20.0;15.3;77.6;38.0;9.6;3.4;0;6;1;12.0;2022
287;2022-02-12;0.0;905.1;15.0;29.5;20.9;14.9;73.3;32.0;7.9;2.8;0;5;4;0.0;2022
288;2022-02-13;4.0;903.4;17.2;27.1;20.1;15.3;84.5;58.0;8.6;3.0;0;11;0;4.0;2022
289;2022-02-14;0.2;903.8;10.6;25.2;18.4;12.4;66.7;26.0;9.1;1.8;0;6;0;0.2;2022
290;2022-02-15;0.0;906.2;9.9;28.2;19.0;10.1;59.2;26.0;7.7;2.2;0;4;1;0.0;2022
291;2022-02-16;0.0;906.2;13.1;29.1;19.7;12.6;70.9;29.0;9.0;3.2;0;5;4;0.0;2022
292;2022-02-17;0.0;904.2;13.6;25.9;18.5;13.5;75.2;40.0;12.0;3.2;0;4;0;0.0;2022
293;2022-02-18;3.6;903.1;11.5;26.1;16.1;11.2;78.0;30.0;10.4;2.8;0;4;0;3.6;2022
294;2022-02-19;2.8;901.7;11.0;26.2;16.7;9.3;72.5;32.0;16.9;3.2;0;5;0;2.8;2022
295;2022-02-20;3.0;902.9;14.7;29.0;20.1;14.6;73.8;37.0;11.1;3.7;0;5;2;3.0;2022
296;2022-02-21;0.0;906.2;16.5;22.6;18.6;15.9;88.0;65.0;13.8;3.1;0;15;0;0.0;2022
297;2022-02-22;4.2;906.9;17.0;29.2;20.7;16.2;81.2;41.0;9.0;2.7;0;8;3;4.2;2022
298;2022-02-23;0.2;906.1;15.5;27.5;20.1;15.3;77.7;39.0;7.0;1.8;0;7;0;0.2;2022
299;2022-02-24;0.0;905.8;16.2;31.3;21.9;14.3;74.8;31.0;9.9;3.1;0;5;6;0.0;2022
300;2022-02-25;12.4;908.0;18.9;27.4;21.4;17.9;86.9;57.0;11.8;3.4;0;17;0;12.4;2022
301;2022-02-26;3.8;908.3;18.6;30.2;21.3;16.5;86.6;49.0;7.5;1.9;0;7;5;3.8;2022
302;2022-02-27;1.8;905.7;18.5;29.4;22.7;17.3;78.5;53.0;11.3;4.0;0;11;6;1.8;2022
303;2022-02-28;0.2;903.5;19.3;29.9;22.8;18.8;82.6;45.0;12.3;3.4;0;15;4;0.2;2022
304;2022-03-01;11.2;904.5;18.0;25.1;19.9;16.6;89.7;64.0;12.3;1.8;0;10;0;11.2;2022
305;2022-03-02;0.0;904.7;18.7;24.3;20.0;17.0;92.7;77.0;8.5;2.2;0;18;0;0.0;2022
306;2022-03-03;29.6;905.6;17.9;28.1;20.7;15.8;85.9;55.0;8.3;1.8;0;10;0;29.6;2022
307;2022-03-04;0.2;905.9;17.7;28.8;21.9;16.3;79.9;44.0;8.3;3.3;0;7;5;0.2;2022
308;2022-03-05;0.0;904.5;17.9;29.5;22.6;17.6;77.2;44.0;14.4;3.6;0;11;5;0.0;2022
309;2022-03-06;0.0;903.9;18.0;30.3;22.6;17.8;78.3;42.0;11.6;4.0;0;14;6;0.0;2022
310;2022-03-07;1.0;904.1;18.3;30.1;22.3;17.3;81.1;47.0;11.6;3.9;0;14;7;1.0;2022
311;2022-03-08;0.0;905.9;17.6;29.3;20.9;16.2;84.0;45.0;9.5;2.3;0;8;4;0.0;2022
312;2022-03-09;10.4;905.2;18.5;27.6;20.4;18.0;90.1;57.0;12.5;3.4;0;19;0;10.4;2022
313;2022-03-10;3.6;903.6;19.0;27.6;20.7;18.3;91.3;57.0;12.5;3.3;0;19;0;3.6;2022
314;2022-03-11;12.6;903.4;17.9;22.4;18.4;18.3;97.0;77.0;11.4;2.8;0;17;0;12.6;2022
315;2022-03-12;13.4;906.4;13.8;15.6;14.1;12.8;98.3;95.0;8.0;3.6;0;0;0;13.4;2022
316;2022-03-13;11.2;906.2;15.4;17.9;15.8;13.7;97.4;92.0;7.1;2.2;0;0;0;11.2;2022
317;2022-03-14;4.0;904.4;17.2;23.1;18.2;15.1;94.1;75.0;6.5;2.4;0;10;0;4.0;2022
318;2022-03-15;2.0;905.6;16.7;25.7;19.4;15.7;86.4;49.0;7.8;2.1;0;9;0;2.0;2022
319;2022-03-16;11.2;907.1;15.5;19.8;16.8;15.6;92.5;77.0;8.6;3.0;0;5;0;11.2;2022
320;2022-03-17;0.6;904.4;14.8;27.5;18.9;11.9;79.8;46.0;10.0;3.2;0;4;1;0.6;2022
321;2022-03-18;0.0;905.5;17.3;28.4;20.0;16.2;85.8;54.0;10.8;3.0;0;9;1;0.0;2022
322;2022-03-19;12.4;907.6;16.0;19.4;16.6;16.1;95.8;83.0;6.7;1.9;0;2;0;12.4;2022
323;2022-03-20;0.0;911.0;11.4;22.0;14.8;10.5;82.6;42.0;10.3;3.4;0;6;0;0.0;2022
324;2022-03-21;0.0;911.6;11.8;21.7;15.4;10.5;80.1;61.0;10.2;3.7;0;7;0;0.0;2022
325;2022-03-22;0.0;909.0;12.9;23.2;16.7;12.2;79.7;54.0;13.9;5.5;0;8;0;0.0;2022
326;2022-03-23;0.0;905.5;14.2;19.8;15.9;14.0;89.5;77.0;12.1;4.8;0;3;0;0.0;2022
327;2022-03-24;31.4;900.8;16.1;18.8;16.7;15.3;96.5;84.0;15.0;4.9;0;5;0;31.4;2022
328;2022-03-25;2.8;901.3;14.6;18.1;15.2;13.9;96.1;82.0;11.9;3.7;0;0;0;2.8;2022
